title,price,cat,sku
Lowepro Slingshot Edge 250 AW,£109.95,Category: Bags,SKU: LOWEPRO-BAG-250
Lowepro Pro Roller x300 AW,£499.95,Category: Bags,SKU: LOWEPRO-BAG-X300
Lowepro ProTactic 350 AW,£199.95,Category: Bags,SKU: LOWEPRO-BAG-350
Stripy Top,£24.00,Category: T-shirts,SKU: N/A
Red Checked Shirt,£52.00,Category: Shirts,SKU: N/A
Patterned Tshirt,£23.00,Category: T-shirts,SKU: N/A
Green Vest,£22.00,Category: T-shirts,SKU: N/A
Denim Shirt,£37.00 £29.00,Category: Shirts,None
Checked Shirt,£58.00,Category: Shirts,SKU: N/A
Checked Hoodie,£42.00,Category: Hoodies,SKU: N/A
Blue Tshirt,£24.00,Category: T-shirts,SKU: N/A
Blue Shoes,£45.00,Category: Footwear,SKU: N/A
Blue Checked Shirt,£45.00,Category: Shirts,SKU: N/A
Black Trousers,£32.00,Category: Trousers,SKU: N/A
Beanie Hat,£12.00,Category: Hats,None
Brown Trousers,£42.00,Category: Trousers,SKU: N/A
Black Trousers,£42.00,Category: Trousers,SKU: N/A
Floral Dress,£72.00,Category: Dresses,SKU: N/A
Blue Trousers,£42.00,Category: Trousers,SKU: N/A
Green Trousers,£42.00,Category: Trousers,SKU: N/A
White Floral Dress,£98.00,Category: Dresses,SKU: N/A
Blue Floral Dress,£72.00,Category: Dresses,SKU: N/A
Navy Floral Dress,£72.00,Category: Dresses,SKU: N/A
Checkered Skirt,£57.00,Category: Skirts,SKU: N/A
Grey Trousers,£32.00,Category: Trousers,SKU: N/A
Brown Skirt,£48.00,Category: Skirts,SKU: N/A
Blue Skirt,£48.00,Category: Skirts,SKU: N/A
Red Skirt,£48.00,Category: Skirts,SKU: N/A
Burgundy Skirt (Variable Product),£48.00,Category: Skirts,SKU: N/A
Navy Dress,£72.00,Category: Dresses,SKU: N/A
Grey Dress,£72.00,Category: Dresses,SKU: N/A
Black Dress,£72.00,Category: Dresses,SKU: N/A
Pink Blouse,£32.00,Category: Blouses,SKU: N/A
Blue Blouse,£32.00,Category: Blouses,SKU: N/A
Silver Membership,£25.00,Category: Clothing,None
Woo Logo,£49.99,"Categories: Hoodies, T-shirts",SKU: HOOD01
Ninja Silhouette,£34.99,"Categories: Hoodies, T-shirts",SKU: HOOD02
Happy Ninja,£35.00,"Categories: Hoodies, T-shirts",SKU: HOOD03
Patient Ninja,£35.00,Category: Hoodies,SKU: HOOD05
Woo Ninja,£35.00,Category: Hoodies,SKU: HOOD04
Ship Your Idea,£40.00 – £45.00,Category: Hoodies,SKU: HOOD06
Happy Ninja,£18.00,Category: T-shirts,None
Woo Ninja,£20.00,Category: T-shirts,None
Ninja Silhouette,£20.00,Category: T-shirts,None
Ship Your Idea,£20.00,Category: T-shirts,SKU: N/A
Premium Quality,£20.00,Category: T-shirts,None
Woo Logo,£20.00 £18.00,Category: T-shirts,None
Antique Radio,£99.49 £79.99,Category: Radios,SKU: ANTIQUERADIO
Denim Shirt,£37.00 £29.00,Category: Shirts,None
Nikon MB-D17 Multi Battery Power Pack,£449.95,Category: Accessories,SKU: NIKON-BATTERY-MB-D17
Lowepro ProTactic 350 AW,£199.95,Category: Bags,SKU: LOWEPRO-BAG-350
Lowepro Pro Roller x300 AW,£499.95,Category: Bags,SKU: LOWEPRO-BAG-X300
Pink Blouse,£32.00,Category: Blouses,SKU: N/A
Antique Radio,£99.49 £79.99,Category: Radios,SKU: ANTIQUERADIO
Denim Shirt,£37.00 £29.00,Category: Shirts,None
Nikon MB-D17 Multi Battery Power Pack,£449.95,Category: Accessories,SKU: NIKON-BATTERY-MB-D17
Lowepro ProTactic 350 AW,£199.95,Category: Bags,SKU: LOWEPRO-BAG-350
Lowepro Pro Roller x300 AW,£499.95,Category: Bags,SKU: LOWEPRO-BAG-X300
Pink Blouse,£32.00,Category: Blouses,SKU: N/A
